LSOA_code_2011,Index_of_Multiple_Deprivation_IMD_Rank,Index_of_Multiple_Deprivation_IMD_Decile,Income_Rank,Employment_Rank,Education_Skills_and_Training_Rank,Health_Deprivation_and_Disability_Rank,Crime_Rank,Barriers_to_Housing_and_Services_Rank,Living_Environment_Rank,Income_Deprivation_Affecting_Children_Index_Rank,Income_Deprivation_Affecting_Older_People_Rank,Children_and_Young_People_Subdomain_Rank,Adult_Skills_Subdomain_Rank,Geographical_Barriers_Subdomain_Rank,Wider_Barriers_Subdomain_Rank,Indoors_Subdomain_Rank,Outdoors_Subdomain_Rank,Total_population_mid_2015,Dependent_Children_aged_0_15_mid_2015,Population_aged_16_59_mid_2015,Older_population_aged_60_and_over_mid_2015,Working_age_population_18_59_64
E01027699,32843,10,32828,32622,32610,31950,32229,28239,27923,32732,32831,32535,32015,13939,30799,28089,19275,1351,220,608,523,610
E01013427,32833,10,31566,30848,32583,30311,32712,32023,30365,30855,30800,32410,32059,21690,31860,30143,23184,1426,248,652,526,645
E01027615,32792,10,31272,30547,29683,30878,32760,28975,31707,29418,32641,28622,28823,14366,32036,31021,26867,1229,198,618,413,627
E01027698,32791,10,31218,31406,32248,29937,31930,29709,27611,30511,32125,32087,31352,18053,27527,25489,22577,1590,286,793,511,788
E01013452,32779,10,30349,30510,31555,28433,32678,32844,30028,32045,28182,31361,30352,32415,31895,27197,27193,1600,345,776,479,787
E01013424,32758,10,32202,31357,31913,28385,31635,32427,23778,32744,31305,31625,30973,25430,30298,28177,11360,1312,243,705,364,727
E01027700,32732,10,32415,31805,32411,26381,32742,25629,28578,32724,29778,32383,31514,11275,30609,26548,23512,1176,211,575,390,590
E01013060,32721,10,30974,32540,28020,27145,32311,29571,30976,27413,31427,26946,27129,20508,23921,28831,27714,1873,284,914,675,913
E01013423,32720,10,32492,31382,31464,28643,32739,27645,24692,32707,32541,30944,30573,12589,32266,28792,12259,1275,215,576,484,608
E01027683,32706,10,30582,30933,30862,29759,31677,25937,30816,31567,27631,30571,29505,13240,26747,29424,25971,1434,260,815,359,815
E01027662,32708,10,32794,31880,32527,30788,32723,19939,26836,32775,32828,32667,31624,7323,31047,21127,29758,1370,262,683,425,691
E01027880,32647,10,31047,27486,29053,30826,30472,32031,31759,30466,32281,29621,26605,21452,32243,29922,29058,1635,266,831,538,843
E01013402,32644,10,32306,32705,30903,30168,32554,19390,27415,29485,31867,32097,28205,15529,14309,25152,22598,1919,186,1275,458,1293
E01013340,32630,10,32664,31423,32350,28314,32003,32605,17825,32773,32678,32361,31371,29165,28392,14482,18342,1346,273,683,390,691
E01027641,32624,10,32160,31093,29529,29280,32635,20481,31721,32717,32344,29530,27590,8026,29525,32272,24858,1240,207,773,260,783
E01013371,32606,10,31729,28585,30643,28907,32358,25623,30491,31970,31648,31461,28213,11923,28973,29159,25247,1417,224,735,458,780
E01013433,32474,10,30562,31658,27171,27546,30967,25243,29852,30732,27372,30187,22765,11331,29638,29918,21901,1432,207,730,495,739
E01027901,32449,10,29647,28394,24391,31624,32786,32722,28699,26029,30458,22318,24746,27292,32399,23768,29812,1693,300,888,505,907
E01027733,32403,10,29277,30965,32565,29329,25807,27547,25522,32288,22038,32445,31961,13311,30295,22370,22629,1328,285,651,392,662
E01027623,32383,10,30054,27243,31656,29164,30721,30843,25221,24903,32107,31904,30093,17405,32680,25689,16502,1274,184,589,501,598
E01013440,32348,10,29511,30010,27652,29335,30762,24976,30192,29766,28442,29777,23905,12294,26801,29474,23661,1839,334,995,510,1022
E01027607,32332,10,32252,26426,28506,29801,32171,22535,32295,31700,32485,29473,25660,8509,32149,31951,28248,1183,124,516,543,538
E01013451,32317,10,30144,30893,29356,29225,32539,24545,22956,27933,28729,27342,29430,10538,30146,16893,28624,1250,275,718,257,710
E01027671,32303,10,32149,28154,30885,29326,32212,18958,29361,32778,30797,29672,30457,6907,30765,26929,25319,1523,273,767,483,767
E01027715,32281,10,29209,30693,25095,28252,32042,31388,25638,30319,26774,23325,25053,27750,22340,21392,25112,1185,336,629,220,601
E01013374,32253,10,32629,29901,28432,26657,31397,20916,28137,32765,32596,27521,27333,8016,30518,24947,25111,1554,262,822,470,833
E01027716,32183,10,32808,32262,32382,32111,32596,9127,30004,32779,32832,32669,31147,3113,29070,30120,22075,1481,274,678,529,681
E01027598,32163,10,31024,26694,29122,28550,30914,26644,27178,30013,31797,27073,29250,11497,32487,23911,24220,1755,193,709,853,720
E01027624,32119,10,29648,27512,32244,28062,32514,19367,31447,25772,31792,32224,31216,6644,32788,31532,24830,1206,150,612,444,616
E01013379,32089,10,30214,31164,32172,27147,32469,24815,17980,27886,29162,31938,31312,12166,26732,14583,18551,1478,252,814,412,826
E01013375,32043,10,31897,29692,27880,25091,32640,25339,23102,32580,31828,28739,25185,12117,27952,18410,24592,1277,155,576,546,620
E01027675,31971,10,30653,28261,28701,30742,31143,24202,21322,30113,31496,26757,28695,11251,27576,16518,24036,2456,500,1307,649,1310
E01013354,31965,10,32032,31877,28278,30700,29767,12663,28993,32646,30920,26680,27894,4074,31412,30935,18298,1350,181,758,411,791
E01013054,31893,10,28548,28508,23511,29292,31003,26155,31114,27783,25306,21657,23694,15672,23023,29483,27046,1962,423,1118,421,1103
E01013420,31873,10,29950,31823,22721,29402,32404,21149,25998,26035,29225,21120,22774,11159,22493,25149,19011,2150,342,1271,537,1266
E01013439,31860,10,31356,30758,31863,26240,32560,13045,29038,32046,29308,31939,30564,4631,28811,25566,26952,1421,291,833,297,823
E01013377,31850,10,31268,28797,27614,25487,31791,26316,22287,32759,28069,27454,25861,12121,30037,18715,21467,1612,255,847,510,870
E01027768,31762,10,29916,28441,30916,23191,32724,18967,31933,28798,30648,31817,28487,7252,29389,32058,26142,1117,185,568,364,567
E01013376,31705,10,30405,26023,28091,24942,31913,26007,28369,31868,30522,29353,25025,12010,29592,24903,25993,1432,211,648,573,685
E01013387,31695,10,32092,31467,31238,23977,31934,16536,22245,32716,31073,32039,29046,6196,28699,21410,16309,1389,220,638,531,659
E01027914,31630,10,30057,28731,25204,27645,23121,29441,27164,27136,29628,23375,25208,14776,32639,22455,27398,1730,264,937,529,950
E01027732,31579,10,31568,28120,32720,28782,25718,28284,14742,31908,32167,32598,32367,20278,21328,13207,12853,1306,208,686,412,662
E01027722,31533,10,32470,32512,27877,30523,31810,8440,29394,31695,31560,26132,27697,2863,29055,27578,24259,1484,364,904,216,902
E01027606,31435,10,28985,23650,26278,26249,32061,28988,31711,27401,30349,22875,28030,14640,31477,29924,28891,1528,224,728,576,754
E01027721,31410,10,31080,30509,27853,28654,30023,11787,30138,29102,29922,28477,25371,5227,23154,27652,26729,1543,295,917,331,913
E01013413,31395,10,32191,31592,31939,30889,24212,30467,8835,32402,30541,31331,31329,25067,21584,5940,17809,1750,334,1107,309,1107
E01027719,31383,10,30323,26697,29568,28591,32610,14188,30837,32772,29441,26765,30544,5599,26393,29043,26749,1405,258,711,436,690
E01027712,31373,10,29055,29384,24898,30435,32648,14094,31801,23157,30443,22374,25681,5605,26195,29037,31068,1690,299,1079,312,1054
E01027717,31365,10,31183,30499,31499,28327,32274,27202,10030,31963,28130,31314,30285,13767,28459,6152,21995,1540,370,793,377,797
E01027670,31358,10,30592,29239,27117,29064,32646,15558,24174,31365,29850,26146,26155,6689,24714,19307,25628,1564,280,825,459,847
E01027718,31352,10,27132,27246,30921,31866,30606,14898,30772,26144,31031,28953,31318,6548,24031,31168,22997,1891,430,927,534,940
E01027639,31273,10,30281,29071,23900,26350,30364,19830,28170,31896,31152,25129,21110,9940,22939,24214,26740,1244,207,652,385,660
E01013378,31263,10,32814,32839,30668,29819,32820,9001,20085,27682,26508,27765,32011,8818,10727,13261,31087,5542,184,5073,285,4941
E01013351,31231,10,31846,31148,29311,29478,31784,10430,23374,32292,30830,29344,27361,3579,29059,22395,17199,1936,295,884,757,896
E01013436,31191,10,31871,31907,25425,29490,31618,9987,27956,31808,28011,20825,28780,3363,29485,24971,24489,1739,393,1000,346,1006
E01013355,31160,10,30987,27389,28420,29453,30134,17808,21621,30598,31790,29871,25162,7835,25138,18209,20629,1796,232,866,698,902
E01013352,31145,10,25426,24665,26775,26194,32726,32557,29128,29174,24454,26477,25183,31528,25761,26783,24900,1678,329,703,646,737
E01013361,31136,10,30394,31300,29004,29025,31220,27464,9997,24288,28401,24651,31841,22517,17870,6664,18741,1989,246,1458,285,1444
E01013360,31125,10,30853,31339,22865,27576,32308,27292,14242,32236,17075,17759,27426,23300,17002,9131,24206,1913,469,1191,253,1166
E01027899,31108,10,26023,27385,29055,29067,30072,28895,19690,25558,24387,27920,28231,13933,32763,13188,29681,1768,368,998,402,1005
E01027596,31018,10,28369,25420,27216,26489,32467,24466,25166,30389,29145,24133,28593,11496,27535,18549,31478,1454,180,607,667,640
E01027697,30975,10,28569,27118,30027,27708,32208,31288,13172,28679,28842,28015,30207,23863,25578,8887,20882,1453,324,802,327,789
E01013358,30828,10,30877,31287,31841,28210,32027,12495,16250,31114,30391,31839,30597,4266,29737,13502,16087,1550,267,864,419,884
E01013380,30770,10,27524,29080,29099,21870,29195,30419,18694,28142,19966,28069,28160,32513,16510,16076,17115,1986,239,1396,351,1369
E01027618,30707,10,29824,29159,31497,32207,31094,12172,17552,30865,29430,32234,29417,3823,31950,12418,23739,2413,344,1127,942,1159
E01013432,30696,10,31459,30947,23041,30755,31897,11091,23890,30336,30340,21207,23314,4342,25915,21581,19787,2109,436,1187,486,1173
E01027638,30684,10,25507,28117,24569,26806,29293,30404,22209,23625,26857,26096,21454,22612,23745,17565,24086,1381,214,718,449,720
E01027730,30679,10,28664,27987,32205,30710,27772,24865,12015,30616,28162,32100,31224,19115,17142,11525,9969,1517,261,878,378,868
E01027709,30668,10,29968,29240,23861,24802,20414,24268,28512,29210,30439,26475,19957,10755,28949,24580,27237,1157,173,553,431,571
E01013061,30662,10,25753,27010,23920,24806,32673,23900,31455,31103,19847,26849,19788,13618,22330,29247,28911,1594,244,832,518,856
E01013059,30594,10,30344,29905,26647,28919,32434,10247,25493,32589,25455,26568,24847,3460,29477,22481,22338,1643,274,855,514,863
E01027786,30537,10,27555,29359,26656,25753,31755,17798,22973,18186,31957,29576,22331,6174,31540,18732,23365,1629,193,741,695,760
E01027893,30536,10,28914,28023,20330,31018,31916,15483,29528,25800,29394,15302,25251,4936,32751,27708,24439,1964,360,1007,597,1044
E01027855,30526,10,30634,23634,28919,21009,26841,23401,32106,27095,32328,27686,28190,9257,31408,29746,31301,1509,190,680,639,717
E01027614,30510,10,26309,21604,24299,27428,32632,31928,30140,26875,26939,26729,20520,21178,32061,29971,22749,1238,153,548,537,571
E01013339,30488,10,29721,25854,25813,23029,31448,27582,20356,30436,28019,27410,22524,14086,28746,16517,20909,1607,319,852,436,862
E01013057,30479,10,31406,27855,24739,28212,31067,15690,20863,32016,30925,21649,26222,5650,29347,16449,22687,1529,259,792,478,825
E01013408,30450,10,29933,20699,24185,25579,32836,28188,29643,29853,31544,29880,18176,16403,26122,29472,21960,1331,142,569,620,581
E01027912,30439,10,28825,26475,17505,27550,31926,29833,24791,27796,29590,15457,18806,16037,31302,19760,26482,1153,161,592,400,611
E01013389,30233,10,29760,25576,24515,20324,32582,24634,25590,30561,31183,25380,21975,11428,28055,23963,19887,1101,165,555,381,555
E01027663,30155,10,28621,25627,21401,27061,30465,21036,27234,29603,28655,23779,17993,10203,24371,22861,26720,1386,211,759,416,785
E01033066,30053,10,32503,32227,19422,28865,32842,17786,12480,31743,29407,11797,29900,6396,30470,6714,31460,2188,425,1591,172,1576
E01027917,30031,10,26091,25789,22867,26066,30330,21113,30281,27789,21062,21259,22932,7614,32505,27275,27987,1996,413,1290,293,1282
E01013388,29969,10,29785,29612,24826,24220,32041,13267,22638,29170,30322,24271,23562,4938,27619,19348,21033,1076,100,468,508,483
E01013435,29951,10,26706,29158,20680,24229,28767,27978,20976,29007,20205,20835,19160,16027,26155,17964,19357,1425,246,802,377,817
E01027660,29915,10,25360,23312,28610,24828,29337,24920,26823,32158,22336,29490,25847,13921,23602,23093,24903,1552,254,735,563,747
E01027731,29894,10,27457,27180,32034,26022,30138,29999,9577,30216,25749,32066,30841,28399,18038,6734,16635,1457,329,822,306,822
E01027898,29832,10,23981,26737,24802,29147,25661,31785,18469,23233,22490,22270,25643,20104,32814,14118,21323,2700,538,1566,596,1612
E01013337,29823,10,25588,25964,22985,25815,26138,31356,22373,20308,29092,20797,23654,23588,26180,19436,20112,1662,283,971,408,986
E01013417,29805,10,27254,25224,31547,30180,26057,25896,12444,30814,23982,31072,30619,23991,14734,8634,19247,2047,349,1295,403,1285
E01013405,29774,10,31410,27948,16944,18751,32178,31918,22029,32670,28616,20069,13551,24408,27802,19355,19388,1401,196,781,424,801
E01027595,29766,10,28490,23776,22663,29135,30214,26359,18408,28161,32085,17011,28093,13585,26953,12332,27549,1819,292,929,598,939
E01013381,29684,10,27600,29767,22034,26415,25196,29478,14400,23436,26017,19685,23035,22340,21739,10307,19690,1593,241,1018,334,1038
E01027654,29675,10,32444,32652,32329,31748,31955,2583,27719,31608,32791,31892,31760,1227,22631,25894,22140,1273,221,668,384,672
E01027674,29653,10,30738,31352,31687,25464,31985,4442,30062,31272,29044,30789,31253,1462,29302,30437,21785,1374,234,686,454,694
E01027655,29629,10,29533,32445,32095,29035,23308,9445,16275,32715,22906,31966,31071,6557,14971,10897,24649,1424,205,730,489,687
E01013411,29621,10,26714,26797,21812,21675,29532,30485,21820,31803,24035,27915,15931,20273,26762,17917,21943,1531,203,713,615,728
E01013425,29606,10,25693,27133,25927,25120,29348,24347,18288,27557,24472,22865,27231,10228,30563,13866,21524,1578,304,803,471,813
E01013372,29549,9,25486,25242,27387,21680,32774,27636,19537,28852,24174,27576,25327,15356,26514,14193,25132,1515,216,638,661,687
E01013365,29526,9,27857,26984,27417,27727,30391,12546,21905,29270,25292,24083,29071,6803,19231,18467,20886,2933,464,1565,904,1572
E01027767,29522,9,25442,21788,22953,25603,32328,28675,27400,25254,26632,20049,24464,16931,26505,22438,28328,1470,288,702,480,707
E01027900,29515,9,28014,28820,27058,31461,31407,10842,17289,28329,23350,23441,29015,3282,32664,11222,27611,1976,399,1130,447,1160
E01013426,29367,9,28711,27154,30309,23083,32415,20342,12308,27741,29422,29782,29051,7673,30513,14635,6506,1630,269,706,655,720
E01013357,29361,9,28866,30622,31511,30064,31617,4558,25642,22305,32158,29988,31648,1501,29281,24456,19218,2246,432,1158,656,1151
E01013414,29335,9,27972,28705,31639,29567,27968,30990,5475,28599,22003,31031,30898,28750,20269,3503,19276,1626,278,1034,314,1071
E01027679,29231,9,28050,26462,31608,27569,11385,27626,19992,32756,26624,31537,30293,25367,16050,19000,15009,1636,239,861,536,885
E01013430,29202,9,22877,27848,19438,23172,29040,32462,25055,20618,22590,15247,23252,30488,25636,21333,23504,1643,279,918,446,931
E01013397,29103,9,26734,29685,23794,25613,28764,28590,10359,28892,18177,19841,26467,21892,20310,8923,11535,1513,266,902,345,924
E01027885,29049,9,24025,23714,19105,25715,27460,31787,29354,22579,23118,16345,21025,20533,32140,27167,24865,1601,266,884,451,892
E01027879,29048,9,26593,24461,18708,19198,31972,32466,28175,20908,28733,19712,16772,25875,30239,27816,20268,1235,186,729,320,722
E01013422,28981,9,30411,29937,29478,24529,28785,12867,12179,29453,31701,27031,30030,4667,28180,17260,4467,1715,371,908,436,898
E01027588,28917,9,25829,28582,19253,22539,28302,26327,20810,26643,22564,17612,19804,13537,26974,13908,31320,1578,241,908,429,904
E01013370,28813,9,27041,26339,22952,19813,31229,25503,18756,30598,24198,29412,16652,14767,23259,14297,21870,1577,232,723,622,733
E01027725,28810,9,23371,28710,26168,27057,26359,31115,10981,24326,24526,22044,28829,22515,26388,8783,13590,1538,288,795,455,805
E01027887,28790,9,26935,22666,28163,24447,31866,24166,15247,28275,25528,27292,27046,10227,30175,8981,29980,1488,262,801,425,824
E01013429,28773,9,24219,29912,20069,24489,27054,17939,26005,21635,17680,14876,25350,7914,25160,22636,23501,1964,421,1279,264,1269
E01027845,28737,9,25907,22502,26702,17464,30206,32002,23459,26760,25990,26359,25161,22902,30075,16791,30839,1658,276,819,563,851
E01027922,28590,9,32255,31596,25144,30817,27803,6898,13414,30518,32554,26874,21824,2044,32238,11093,14137,1758,301,924,533,929
E01027882,28582,9,28586,25938,23854,27346,29236,12854,19327,24614,27414,24267,21768,4100,31723,14224,24233,1850,322,1096,432,1099
E01013362,28550,9,22821,29184,27501,24148,27617,24905,13153,20201,17996,25271,27855,24141,13589,10158,16019,2027,270,1312,445,1305
E01013395,28524,9,28659,28209,28295,28121,28229,29471,4982,32052,20226,25204,29567,18156,26709,3850,13718,1495,238,930,327,936
E01027791,28514,9,26460,27799,19657,24508,31291,13635,26104,30005,23222,26866,13483,4323,32208,20663,28496,1533,259,805,469,829
E01027747,28452,9,29262,31240,9657,31039,31794,15232,25959,21956,25656,4819,19091,10096,16182,20748,27784,2016,283,1440,293,1470
E01013344,28393,9,30038,27656,31489,28545,18174,28207,6076,32093,29259,30145,31434,19028,22574,3984,18379,1616,247,1074,295,1038
E01027619,28384,9,29817,31322,23956,29310,32746,5738,17734,28605,26915,18857,28228,1893,29420,13352,21183,2669,545,1572,552,1573
E01027913,28297,9,30593,26061,23990,27933,32734,7126,22005,27252,30899,23016,23198,2149,31819,15852,28716,1142,169,603,370,606
E01027794,28256,9,22443,21398,20746,28885,32019,26023,24846,19808,25843,19497,20630,11036,32175,18825,29356,2032,294,908,830,938
E01027652,28232,9,27709,24341,31411,28459,30294,10841,15228,31890,26641,30214,31198,7735,14614,10236,23199,1604,305,906,393,908
E01027903,28224,9,30885,27659,28402,27286,32707,8946,11734,31085,29108,25532,29407,2825,31094,6968,25141,1342,319,688,335,617
E01013431,27992,9,22428,26026,18603,22831,31099,20204,30642,20264,14405,13235,24649,9984,23424,27920,28087,1561,346,1021,194,1023
E01033186,27944,9,27417,24264,19412,28898,32253,19364,14737,27022,28809,16417,21564,9917,22274,8881,28013,1392,159,618,615,649
E01027894,27930,9,23218,20482,16781,26234,32122,31859,28615,20361,28958,13377,19947,20926,32023,23537,30040,2012,393,1075,544,1122
E01027642,27906,9,29828,31696,30816,28446,32468,3245,17845,25201,32027,30174,29801,1035,30194,13563,20941,1395,248,656,491,651
E01027597,27861,9,28941,24237,27040,26636,20488,14824,17945,30031,31142,25766,26373,4719,32547,11858,27756,1597,223,839,535,850
E01027631,27835,9,28329,25752,18752,19753,25957,20632,24169,28305,27954,18664,17776,9281,25933,21926,19868,1399,163,754,482,766
E01013052,27675,9,27405,28842,12654,29535,26227,16957,22071,28247,23374,10497,14752,6514,28224,16006,28415,1707,271,947,489,975
E01027844,27608,9,30272,21040,24287,15312,29279,26698,20851,31214,29671,24123,22720,12425,30257,14163,30393,1515,217,743,555,764
E01013342,27604,9,30149,29883,30852,27447,32034,3025,20325,31538,26442,30796,29271,940,30623,16662,20483,1461,179,701,581,734
E01027792,27459,9,24926,24727,21438,27949,27348,29751,10249,24748,26726,20136,21326,16230,30699,5591,27624,2127,284,982,861,1014
E01027672,27351,9,27135,22463,28801,21012,32436,11043,22670,21217,31556,30724,25180,4388,25564,17077,27084,1739,232,791,716,816
E01027704,27348,9,29019,30531,30213,27314,31372,13932,4595,32682,27559,28519,30029,6265,23296,4610,8443,1210,187,563,460,587
E01013341,27347,9,25451,18254,28219,18032,30121,28977,23159,29718,24011,27688,26762,17358,26578,18821,23710,1322,248,565,509,580
E01027589,27309,9,21632,23040,21152,27359,28672,16967,28640,23095,18962,20498,20388,6092,30097,24874,26981,1950,341,1110,499,1123
E01027687,27285,9,27265,29737,20493,27803,28883,7924,18654,30706,21227,17162,22879,3566,22504,16000,17154,1473,233,772,468,783
E01027665,27257,9,29549,26191,30203,22384,30344,13884,8766,32656,28328,30698,27885,6024,24101,7288,11827,1208,174,613,421,633
E01027708,27246,9,24267,23807,22600,19246,25583,23762,23725,24759,26100,26107,18194,11389,26353,20649,21124,1412,238,691,483,699
E01013438,27245,9,22012,22533,24133,24601,32204,15838,25975,27010,17302,24024,22521,6993,24233,20543,28412,1944,401,1095,448,1093
E01027737,27140,9,31811,30721,21322,29276,32522,4886,13852,31756,24999,16069,26413,1668,28531,10065,18559,1739,421,1030,288,1035
E01027632,27066,9,24475,24043,17701,25701,28674,18642,22489,23698,24616,16546,17942,6930,30002,15935,30351,1578,303,858,417,878
E01027714,26999,9,21325,22889,26047,23073,28574,23098,18553,26245,19745,28355,22164,15909,18045,11948,30013,1639,275,795,569,803
E01013392,26925,9,23334,25079,26500,23558,21071,29975,11443,29568,17785,26528,24592,23576,21690,9200,13749,1750,323,1058,369,1070
E01027920,26873,9,25465,22469,16277,21879,29979,27836,20312,20629,28847,15893,15878,13761,30033,16868,19939,1198,182,692,324,710
E01027859,26870,9,25889,25774,18454,19539,32252,15282,23234,29163,21904,13342,24073,5831,27584,16615,30674,1695,280,876,539,913
E01027751,26691,9,27621,27161,29065,26804,29508,5157,16785,27750,26733,30579,25787,1861,27305,12389,20906,1283,218,661,404,678
E01013356,26659,9,23744,24071,16452,23809,19610,32221,21681,20546,25563,13975,18449,26562,27317,17896,21563,1446,190,743,513,758
E01027897,26558,9,29586,28451,19975,29826,24042,5845,19536,27883,28647,17118,21877,1825,30785,14121,25377,2267,375,1309,583,1338
E01027904,26536,9,29356,28924,26083,27658,32258,5014,12298,30611,26553,22973,27452,1518,31483,7814,22686,2338,504,1292,542,1309
E01027745,26535,9,23405,24143,23532,23767,31284,17351,14796,25224,22912,22057,23301,8333,22898,10530,20328,1620,319,887,414,886
E01027765,26527,9,21401,19040,16854,25149,32665,27712,29167,23093,23165,14765,18246,16750,24508,26799,24975,1642,313,894,435,889
E01027782,26518,9,24762,29096,25430,27107,32574,29932,3117,29976,22270,26356,22753,16126,31478,1616,27409,1761,230,839,692,907
E01013338,26494,9,20615,25867,16208,25616,28812,26533,18373,18341,23934,11985,20825,16641,22358,14316,20447,2330,452,1346,532,1364
E01033185,26484,9,21144,26479,15791,21608,32336,17409,29388,16512,22433,17322,13757,10628,18123,25634,28042,1181,131,580,470,604
E01013368,26467,9,30299,30454,29556,28187,18118,27129,2469,30855,22170,27399,29808,30102,12919,1971,13644,2478,248,1970,260,1958
E01027690,26356,9,23516,19410,24240,19283,28358,29935,19341,22326,27341,25600,21335,25166,20211,15402,20738,1322,204,751,367,772
E01013053,26194,8,25694,13533,23086,23875,32694,22634,31497,27922,29686,26536,18689,8717,31593,29681,28243,1375,131,514,730,547
E01027875,26120,8,31731,31410,27714,31487,30043,3361,8310,31645,30482,27442,26055,1005,31545,4486,26653,1993,393,1069,531,1061
E01027634,26082,8,29362,27962,28857,26761,32216,4575,11101,31145,25442,29036,26771,1430,30547,7570,18657,2087,414,1155,518,1178
E01027891,26079,8,25475,21536,19740,25137,22717,13354,28465,23831,25862,17365,21059,4234,32079,24835,26499,1729,241,961,527,981
E01013450,26061,8,28748,23713,30348,26469,30660,7534,10687,31834,28739,29187,29737,2499,29540,5968,26907,1281,207,663,411,676
E01027750,25932,8,22995,25389,12798,25642,30386,14207,29618,20463,22054,10829,14602,8127,18507,25418,29431,3171,628,2120,423,2138
E01013434,25922,8,28424,15771,26294,11951,28010,31324,29154,32713,27623,23684,27111,21266,28851,27715,23312,1484,219,846,419,854
E01013403,25896,8,30367,32336,10052,22106,28780,18020,12046,15719,23860,5259,18971,20302,9922,9807,13829,2102,122,1711,269,1711
E01027746,25874,8,21600,22033,22172,16251,30789,23970,24490,25060,19920,21400,21411,12946,23612,23556,17912,1435,203,811,421,824
E01013421,25695,8,30689,31475,23832,23839,22488,6220,10910,27370,31864,18205,28922,2597,24053,10242,9849,1398,216,786,396,766
E01027783,25640,8,25783,29155,16152,28746,31495,9895,12016,20728,28836,12198,20357,3116,31309,7373,23985,1793,229,843,721,876
E01033184,25627,8,30406,32211,7095,28707,32660,6778,28268,27086,20838,3164,15561,3999,17550,22146,32367,2585,549,1955,81,1959
E01027836,25581,8,24274,26872,22567,15020,29055,27534,10194,27195,20814,22002,21546,15169,26610,5253,30750,2188,310,1073,805,1098
E01027896,25565,8,19701,18909,17679,23399,28283,32137,26072,21352,17795,16100,18391,24063,29607,21361,26582,1962,390,1110,462,1132
E01013407,25530,8,22687,18582,27688,17973,22499,29184,20299,25932,26527,29839,23914,18072,26060,22789,10854,1450,184,633,633,662
E01027753,25519,8,29182,30196,11323,31285,31656,22321,4938,26202,29876,11299,11246,13741,19826,3411,16850,1360,177,760,423,781
E01027754,25470,8,26468,29134,10457,25170,23313,13367,24210,27849,21194,6983,15538,8515,16541,18560,27868,1461,390,901,170,900
E01027620,25422,8,22579,26397,20285,30396,28962,30104,4482,22026,20233,18810,20464,18712,27722,2692,21906,2113,421,1156,536,1162
E01027688,25249,8,27844,24793,25565,25026,32636,5996,12627,30844,26148,22956,26403,1878,30727,8046,22846,1627,276,713,638,742
E01027693,25218,8,31159,30175,27384,30512,31536,3813,6174,27695,32173,26305,26549,1489,25717,3160,28802,1854,284,977,593,998
E01027640,25098,8,21544,20984,17576,22803,29332,32316,13958,20750,23303,16402,17874,30968,24066,8736,25000,1507,279,799,429,808
E01027886,25082,8,27479,28672,23180,26063,32102,11372,4974,26158,28569,19441,25709,3645,31148,2714,25689,1430,287,792,351,823
E01013400,25011,8,27093,30919,22299,15891,28957,13983,8324,23184,13650,15269,30255,19111,7726,6660,12629,2040,209,1731,100,1757
E01027621,24966,8,20304,18741,15443,24528,30893,23486,28429,16984,26257,15950,14299,11097,26467,23992,28215,2281,380,1070,831,1118
E01027801,24919,8,24674,23742,17317,25705,32448,19684,8759,26426,26043,13937,20387,6951,32091,5073,23654,1713,231,715,767,737
E01033065,24890,8,27311,23150,21459,27149,31877,6142,15665,27779,28601,17862,24081,1960,30235,10765,22643,1177,235,637,305,651
E01027919,24874,8,26801,26085,15666,20555,29661,31075,6122,28400,25030,12071,19435,23495,25140,3405,24827,1152,199,686,267,700
E01013409,24831,8,19674,19364,17006,21383,31883,28515,22827,19450,22079,17599,15565,19244,22970,18157,24482,1628,244,816,568,837
E01013348,24784,8,30331,31655,17747,19868,27655,15825,4989,25598,22636,10626,27903,14447,11863,3449,16823,2303,211,1859,233,1845
E01027691,24772,8,20709,23211,24352,22900,15190,28033,14567,21210,22567,21934,25092,20656,20441,10587,19204,1501,335,878,288,886
E01027838,24730,8,25947,24334,20610,15990,31103,13339,16271,27983,26026,25389,15609,5662,24427,10470,26631,1544,234,715,595,734
E01027635,24727,8,28658,29770,14748,32372,32266,5549,10203,28055,27519,9213,22490,1801,29860,5238,30956,2708,549,1611,548,1614
E01027617,24679,8,24737,29461,24867,28331,31152,8529,5620,20710,28668,21825,26260,2668,31194,3030,26221,1072,147,541,384,568
E01027839,24645,8,25134,21998,15215,16032,29746,23931,19517,26655,21577,16864,13089,16318,18715,12958,29960,1652,291,868,493,873
E01013343,24596,8,23365,27886,20035,16657,27039,25588,8305,18563,16052,14231,26411,25624,13480,4810,23359,2079,180,1611,288,1605
E01013055,24532,8,19421,24530,13836,23116,20387,24793,25455,17333,20964,11658,15819,17129,19035,19901,28358,1572,250,847,475,848
E01027876,24502,8,25108,24398,12834,23884,21717,10689,31490,26676,22740,8303,19034,3364,31459,29135,29284,1645,305,985,355,974
E01027694,24486,8,21576,30124,24116,27605,32839,3613,16377,19372,22052,20876,25888,1695,22255,9550,32407,1151,200,593,358,601
E01027759,24439,8,24038,23708,24808,27135,28579,6925,13620,30889,20866,22509,25381,2803,24642,9085,21620,1370,199,720,451,759
E01027591,24379,8,28294,29971,29373,31002,32015,3475,5417,25827,29269,28627,28158,1023,31831,2743,29170,1636,219,780,637,795
E01027685,24373,8,19991,19986,18916,20135,32228,31155,14432,21010,18670,15913,21176,32518,18363,8818,26837,1159,149,545,465,561
E01027645,24370,8,20829,22280,13759,23857,22373,29230,19120,18510,23519,8887,20439,27325,17311,13765,25135,1799,288,987,524,995
E01013428,24281,8,22145,23356,13692,22642,23291,17718,24521,23369,23732,9425,19066,7911,24739,23032,18799,1618,308,1018,292,1031
E01027603,24204,8,22790,21546,17239,24539,31673,11966,18620,24913,23232,12717,22099,4064,29691,12273,28794,1990,278,988,724,1024
E01013058,24185,8,22937,21944,21976,20464,29708,12436,16388,27670,17400,18948,23799,7226,17987,11221,23701,1499,252,786,461,779
E01027848,24115,8,21328,22467,23252,14531,30680,12756,25602,22421,23386,21157,23749,6585,20196,19256,30816,1043,155,565,323,563
E01027695,23792,8,27058,28946,24294,29445,30035,4205,6723,24401,27002,19289,28412,1474,27954,3972,22283,1792,320,968,504,973
E01027682,23791,8,30412,28194,26063,29333,31474,5057,3799,30058,32345,23668,26594,1959,25795,2100,25274,1649,289,827,533,853
E01027702,23783,8,17153,18696,15738,22084,31989,30769,22678,13655,19927,12714,18606,32220,17449,17003,27345,1135,167,550,418,568
E01027771,23777,8,32724,32757,3876,21846,32259,8170,32229,32238,11672,842,14999,4632,18202,30132,31325,3697,749,2828,120,2854
E01013391,23701,8,21649,26253,16641,20585,21798,26355,9572,18115,15864,8794,29607,13699,26714,6127,19922,2272,373,1622,277,1655
E01027677,23681,8,25340,20322,30128,22073,11334,17461,13391,30729,28971,28566,29818,16804,11520,9365,19676,1512,167,974,371,989
E01027644,23595,8,21794,23438,21520,23641,18653,15073,13736,26222,17195,19323,22399,8662,18588,10992,15231,1505,274,754,477,772
E01027895,23516,8,21510,20099,20459,23170,23764,9112,28397,17916,26465,19165,20432,2809,31788,24570,26814,1511,189,737,585,768
E01027856,23455,8,19832,16581,26949,10388,32145,25394,30254,26092,21999,27963,24140,13580,25071,25852,31027,1143,116,382,645,396
E01027656,23448,8,22830,16479,30320,21761,24916,17397,11898,26496,27918,30372,28508,13896,13879,8185,19095,1727,174,917,636,952
E01027653,23424,8,20888,14515,27963,18992,27264,14615,29477,28389,24591,26257,27716,9734,16017,27371,24855,1589,265,758,566,757
E01027924,23417,8,27389,21516,23060,29830,28186,3567,15174,30935,23193,23315,21232,1031,32328,10637,21316,2262,442,1304,516,1326
E01027605,23406,8,18461,18486,20663,15636,28613,32650,19419,18949,16867,15422,25816,29949,28402,14066,25094,1642,260,992,390,1005
E01027808,23283,8,22009,15501,17097,13938,32503,30959,26534,21121,25939,16466,16843,22608,25676,20754,29760,1552,207,709,636,743
E01027815,23272,8,25103,25335,13671,17977,31101,26078,6834,21398,28109,7799,22836,14398,24893,3341,31372,1390,223,686,481,725
E01027664,23254,8,30460,26153,14954,23243,32093,3890,14952,30291,27207,8052,26257,1498,25992,11179,18610,2697,426,1641,630,1053
E01027761,23223,8,26731,25517,26034,27660,27608,5429,6245,26399,25452,25721,24412,2169,25056,4889,13148,1137,146,499,492,525
E01013127,23131,8,30638,32281,26810,29430,31012,1531,5777,31255,26865,25683,26024,619,25700,3047,27153,1562,294,821,447,853
E01027748,23082,8,21912,15827,10757,18770,31096,31164,30877,21778,22115,8111,14135,32492,18410,31523,22821,1159,195,551,413,574
E01013401,23069,8,22509,28979,7496,22003,20935,25839,15786,11576,17296,2890,18779,32603,10738,12351,17693,1829,245,1377,207,1361
E01027668,23042,8,17871,21470,16651,15950,31765,24636,19897,16598,24255,15945,16523,18548,17372,14517,25237,1517,297,787,433,803
E01027713,22685,7,20773,17828,27580,24641,13339,27727,10089,23643,23033,29279,24175,23311,17634,5623,26414,1710,284,896,530,897
E01013396,22654,7,20042,18802,18651,19965,15496,28735,19152,24266,21189,13277,24688,28464,15842,16523,17568,1620,260,837,523,837
E01027658,22646,7,21034,21814,19972,23549,24994,23937,6156,18577,24661,15750,23755,18373,16636,4132,17593,1605,308,1030,267,1040
E01027646,22642,7,29136,30888,28193,28874,32649,1393,5795,31639,28575,27500,26893,494,27624,3226,24667,1624,268,812,544,843
E01027890,22620,7,25079,25011,13221,26442,26380,5776,17100,16595,28751,11262,14990,1744,31642,11301,26375,2082,322,1170,590,1187
E01027921,22611,7,15595,18988,19344,18747,29807,28084,18565,28346,9644,18035,19515,16530,25657,12668,26826,1707,220,879,608,869
E01027696,22610,7,31975,31634,27454,30601,32776,962,5359,32345,28533,23837,29426,517,21876,2698,29499,2439,574,1455,410,1142
E01027888,22607,7,28203,26714,24306,26020,28555,1457,14360,28597,26278,21002,26129,391,32117,8758,26844,1870,392,1057,421,1062
E01027707,22585,7,22572,21401,17656,22422,19481,14883,14327,23415,21037,17994,16409,7834,20200,9286,23805,1787,333,960,494,961
E01027727,22494,7,21403,20219,19263,16967,23723,24171,12043,25200,18868,16410,21261,16825,18478,7532,23134,1662,264,927,471,941
E01027799,22469,7,28312,28271,26652,28733,32693,2115,5571,29789,27399,24213,27268,599,31917,3019,26020,1732,247,843,642,866
E01027611,22447,7,18764,16607,16408,21268,26538,17177,29934,18012,22197,12515,20490,6677,27983,25037,31585,1948,233,846,869,906
E01027816,22297,7,18052,17248,15096,16203,32749,22856,28760,17550,22858,11520,18840,10533,26729,24470,28387,1565,241,712,612,737
E01027592,22288,7,30014,25223,25746,30318,31320,1251,9411,30738,31045,24901,24672,344,30982,6316,18129,1708,199,826,683,884
E01027643,22251,7,21734,26373,25912,27474,28529,3124,10659,22143,22960,25427,24474,1681,20191,6193,24916,1426,238,685,503,696
E01027680,22168,7,19670,22661,28403,18456,21900,22482,5617,20077,21696,24524,30614,29514,9263,3431,20950,1334,191,861,282,878
E01013126,22148,7,31874,30569,19550,24976,28874,863,13532,31494,31509,26139,13714,526,20472,7979,27464,1541,277,863,401,874
E01027587,21937,7,15547,14986,14985,19657,29371,30392,31697,16267,15649,10990,19479,18993,28214,29411,29844,1367,218,635,514,651
E01027650,21927,7,22607,18455,19864,16873,13529,24272,17511,22825,26400,17339,21347,16520,18960,12737,22456,1607,304,887,416,884
E01027867,21816,7,23384,19380,21067,17312,31657,5168,23583,26706,22359,17228,24037,2127,24452,19049,24397,1438,181,713,544,713
E01013412,21807,7,23153,27337,25586,22080,19048,29579,1355,17124,20062,20402,29736,24519,20016,1133,13493,1789,270,1286,233,1299
E01013406,21794,7,21027,20146,13803,16211,25623,15414,23822,22284,18309,10821,16957,9268,17843,20664,21361,2147,369,1421,357,1415
E01027600,21665,7,27781,28622,25544,29620,32056,1977,4384,28454,23692,21938,27577,620,30057,3131,16134,1923,327,1066,530,1080
E01013346,21662,7,20238,19361,22746,20078,26241,25385,5596,29558,17129,15758,30529,19656,17348,4183,14445,1787,242,1004,541,1029
E01027863,21536,7,18266,20408,19093,15363,18242,14259,29827,22085,16864,14781,23186,5855,25452,26267,28307,1432,163,603,666,643
E01027601,21502,7,25230,25221,24773,30674,32624,8992,1478,27569,23961,23367,24393,3231,27733,790,25249,1989,373,1048,568,1070
E01027666,21453,7,26052,30404,27070,28326,32612,3258,2376,29394,24400,28336,24028,1177,27581,1394,22530,1720,310,838,572,849
E01027781,21452,7,14860,16052,15758,18732,32269,32694,20670,16331,16386,23742,9950,28563,30439,15284,25541,1257,173,536,548,568
E01027626,21410,7,23390,18964,26361,28335,21407,2505,21118,18139,27451,22737,28371,734,31804,17711,20317,1347,172,630,545,660
E01027772,21326,7,21092,25067,20205,22636,32782,1266,30934,24143,14088,20367,18755,830,19053,28160,28876,1315,170,807,338,822
E01027814,21294,7,20828,21097,18695,16319,32059,16047,8554,18522,25691,14084,23393,7020,24539,4353,29952,1564,250,720,594,747
E01027724,21264,7,31962,32405,32086,31448,30640,920,2255,31987,31416,32293,30738,266,29288,2300,9027,1579,271,787,521,799
E01013373,21186,7,18741,11486,25402,12746,28986,29977,24844,23781,20019,26082,22933,17874,28582,21507,22502,1570,305,753,512,768
E01027593,21166,7,26908,28214,22993,28860,32561,8109,1032,27644,27916,23078,21333,2570,30805,1162,8989,1732,211,881,640,902
E01027633,21161,7,31223,30591,28614,30799,32674,679,3881,29929,32357,28307,26939,152,31049,2011,28263,1792,276,904,612,922
E01027647,21138,7,28849,27749,27095,30173,31409,1437,4034,31474,29786,25956,26290,617,24811,3337,12340,1623,250,809,564,849
E01027738,21065,7,19098,18685,14839,20856,22718,31894,8919,19833,21920,11147,18879,30671,22013,5274,22727,1353,249,840,264,842
E01013393,21051,7,21536,25531,13867,13501,28166,30636,5273,23068,17378,7667,23939,28956,19095,3334,19678,1539,287,1027,225,1033
E01027743,21043,7,23085,18539,24680,26354,26081,4661,11152,20936,28883,23106,24448,1741,26487,10542,9858,1263,192,587,484,611
E01027858,21002,7,25539,18729,19848,10642,30827,6037,28350,29016,25756,17794,20770,2073,28472,23498,29101,1343,175,645,523,664
E01027788,20979,7,19143,17271,10159,19756,30511,18233,25226,25482,17239,20773,4877,6468,31141,19635,28273,1595,239,798,558,833
E01027667,20977,7,29288,23985,26813,27102,22134,2287,6082,26357,31271,27422,24377,977,24489,3241,26791,1384,261,701,422,721
E01027661,20946,7,18058,18892,15819,22257,17760,13824,23217,12329,25239,10204,23327,7390,19707,20988,19217,1412,234,770,408,776
E01027742,20837,7,26705,28489,21646,31035,32558,3524,2229,24746,28191,20162,21746,1836,20515,1150,27264,1322,166,653,503,688
E01027762,20834,7,28846,24567,24910,30020,31716,820,8333,30095,25371,24236,23730,270,27558,5245,19991,1357,183,758,416,790
E01027604,20808,7,27927,28355,26018,29243,30773,1225,4633,23314,31858,24085,26040,321,31494,3371,15437,1810,293,906,611,952
E01013345,20726,7,23240,28147,15410,15948,18723,24946,3645,19384,18223,9545,23631,16429,20073,2396,18658,1801,183,1272,346,1272
E01027860,20635,7,20270,18981,11486,16067,29487,16559,19412,28860,13612,7579,17149,7671,23431,14306,24253,1613,339,809,465,814
E01013419,20541,7,17633,16573,13359,20848,26302,18258,20438,11845,25324,7625,22392,9357,21860,17472,18924,1853,284,951,618,991
E01027766,20525,7,13934,15347,22048,16973,31091,24028,18059,15698,13556,22649,20038,21744,14139,12317,26257,1227,145,583,499,606
E01033068,20442,7,22666,26953,18631,22729,12354,17222,3853,9473,19225,10436,31182,23297,8104,3826,8864,1154,71,855,228,877
E01027739,20401,7,23274,20090,20056,18591,21620,32248,2557,28090,17380,16978,22209,32711,22329,4699,2825,1090,233,666,191,676
E01013336,20400,7,15598,21993,15926,22551,12940,26776,12530,15998,11924,13974,17334,18169,20906,9484,16295,1480,255,788,437,820
E01033070,20366,7,25391,29167,14737,12944,9530,20766,8270,14704,10217,6940,29516,31064,7770,5086,20900,2369,92,2089,188,2178
E01027657,20312,7,20046,23843,20918,19775,26477,26949,1878,18666,15049,15018,27163,28193,13605,1203,19347,1306,226,947,133,928
E01027673,20270,7,19174,18233,24002,20224,20227,26960,4494,23149,19821,19805,26968,28123,13651,2532,24452,1860,272,1016,572,1057
E01027760,20259,7,24216,26787,12263,27202,26502,4482,7777,26221,22742,12074,12127,2532,18690,4555,22708,1251,142,652,457,681
E01027627,20246,7,28456,30044,27074,30476,31737,443,5089,29775,27546,25510,26697,62,31218,2590,29007,1838,267,919,652,949
E01013363,20226,7,21720,22622,15587,11515,26169,14435,12187,22202,9601,8121,28266,16847,9109,10446,12558,2646,292,2043,311,2070
E01027877,20120,7,22961,20266,9169,18662,29398,7468,24113,22887,23770,6984,12052,2896,25719,17842,29725,1279,208,726,345,737
E01013418,20119,7,18160,16535,29494,12880,23521,29351,6972,21719,15583,27100,29986,26313,18197,4654,17708,1608,221,1086,301,1099
E01027756,20022,7,20984,20759,19739,27018,31607,3061,11201,18792,27106,15677,23309,1188,26023,6943,22597,1868,377,1089,402,1115
E01027684,19928,7,24318,24196,23843,27889,31733,1259,7749,24036,28473,21676,24350,687,21455,5035,18705,1451,251,792,408,798
E01027681,19858,7,22547,30011,16510,28249,31447,3273,3884,22185,22794,12561,20635,1219,26951,2167,24932,1538,239,826,473,855
E01027622,19750,7,30208,28475,22660,31483,32136,1177,2434,30592,30499,20721,23087,335,30215,1221,28589,2003,352,989,662,1007
E01027728,19710,7,19870,17459,10751,19245,20042,18239,18806,19034,21171,7908,14470,10678,19184,14454,21584,1354,194,683,477,707
E01027821,19680,6,26572,24213,18748,20558,32099,4192,4217,31373,25560,12707,26023,1596,26186,2079,30719,1402,144,611,647,646
E01027834,19639,6,16229,17208,11232,12180,27769,24871,29475,16775,16424,7471,16662,12966,25225,24422,31207,1513,186,658,669,686
E01027703,19624,6,26865,31532,24179,28945,25209,1131,3342,23774,25078,21226,25590,659,20656,3403,8420,1889,259,1001,629,1018
E01027616,19548,6,14306,12009,13592,18973,27610,31545,28815,18239,15301,9095,19449,26032,24420,26301,24759,1436,246,761,429,766
E01027689,19498,6,14606,16619,12297,19734,21101,28063,19703,15373,15818,8020,18256,24038,17608,17319,17317,1405,271,858,276,878
E01013398,19465,6,17010,22481,10229,11292,24132,18429,25040,10308,15812,11300,9272,19182,10819,24661,17544,1788,254,1288,246,1280
E01027705,19273,6,18224,13877,16009,17865,25556,18024,16351,21830,19570,16813,14542,13182,15339,10386,27406,1738,376,984,378,998
E01027741,19265,6,17258,14544,10277,14898,27867,23763,28347,13606,22854,7472,14076,15761,19121,24747,26236,1419,244,712,463,727
E01027911,19165,6,17522,12487,16306,17898,24492,28193,14321,17443,20250,13485,18778,15566,27519,8402,28873,1439,216,673,550,681
E01027809,19117,6,18815,17133,15730,14351,32333,6364,26300,17570,22154,14996,15773,2497,25378,20873,28576,1251,120,525,606,569
E01027692,19073,6,18480,16713,16694,16533,23503,27002,6967,23530,11099,13057,20241,31578,12173,4747,17047,1238,240,775,223,768
E01033183,19032,6,27259,19951,2793,23699,31451,7819,31808,26441,27396,284,15606,4827,16793,29850,29428,1568,690,857,21,878
E01027784,18975,6,12727,15017,16043,17411,30939,28881,14979,12524,12930,14391,17050,15441,29567,8978,28682,1688,301,867,520,865
E01027774,18970,6,26896,31056,19116,28255,25881,1617,2697,25601,26580,17523,19638,446,31805,1528,23712,2063,375,1060,628,1078
E01027648,18826,6,15796,14337,17442,15799,20726,23851,17072,17064,17942,13590,21245,17675,17168,13231,19271,1469,308,823,338,813
E01027659,18816,6,17145,14758,26075,19736,22789,27455,3948,26266,8992,25296,24910,25542,15728,2581,18938,1946,258,1441,247,1441
E01027775,18784,6,28832,27950,12520,23357,31452,5663,1632,31199,24241,5842,25565,1745,31108,844,26456,2117,440,1090,587,954
E01027726,18731,6,17601,14922,15853,16985,22379,25038,10382,17704,21373,10640,22486,17776,18679,5671,27829,1822,333,1038,451,1039
E01013442,18713,6,19612,19325,12568,18781,5395,30405,17077,18854,20356,9897,15480,24955,21514,15022,14985,1446,299,766,381,780
E01027797,18689,6,23270,28171,22904,27026,32720,969,4204,20253,24498,19357,25252,220,32160,2445,23176,1740,252,931,557,955
E01013449,18615,6,17960,17521,9892,21572,15777,10998,28194,13763,22926,5747,16930,5846,19447,26580,22284,1640,288,956,396,971
E01027758,18604,6,30851,32221,27286,30900,32655,457,1244,30505,30520,28100,24673,229,23367,1303,9593,1510,299,714,497,742
E01027902,18577,6,19676,16430,24104,20016,32729,2772,14154,21351,18088,22913,23563,909,29439,7969,30986,1441,251,726,464,751
E01013364,18559,6,20379,21982,26085,5612,22614,21665,6871,20328,7490,23568,26768,28278,9155,5285,13576,2204,187,1769,248,1783
E01027915,18330,6,17770,13601,8188,16866,19309,28170,27700,19267,19040,6939,9721,14539,29383,22788,28533,1576,280,867,429,877
E01027736,18329,6,26122,27254,23013,26781,31431,1043,2747,26149,26899,22325,22091,348,27816,2350,11889,1651,325,859,467,857
E01027780,18127,6,26578,29395,16832,28567,30808,994,3067,24057,28226,15099,17781,234,31922,1780,22845,1859,250,969,640,1021
E01027744,18100,6,27529,25749,21892,26873,32513,409,4835,23549,29337,20479,21903,200,23621,3153,18695,1294,160,619,515,651
E01027735,18021,6,31801,28915,28571,29747,23206,741,1174,31809,32284,25867,29378,357,23561,1217,9770,1524,244,767,513,772
E01027883,17993,6,16291,13840,16101,20014,20600,9619,22668,11347,22220,13084,18881,3017,31291,17740,25088,1107,172,605,330,622
E01027669,17891,6,14031,15864,14970,12592,23674,25912,15676,15856,11847,11156,19155,30247,11658,10934,21986,1876,250,933,693,937
E01013056,17885,6,17345,16764,12308,12835,25916,20564,12170,19969,13786,12526,11790,23519,10210,8311,19597,1727,308,946,473,951
E01027637,17871,6,28976,30092,25733,30465,31743,364,1635,28567,30835,23671,25925,50,30245,1319,13873,1813,240,921,652,962
E01013441,17631,6,22651,21166,10510,19894,12005,30197,2906,22867,20925,5066,21294,27700,18931,2323,13358,1631,269,997,365,1003
E01027873,17630,6,18129,16260,16290,12876,29221,4290,28220,16350,20147,10746,23447,2613,17594,22250,31865,1485,211,728,546,734
E01027763,17602,6,28558,30364,18744,27351,32791,622,2030,20899,31402,16431,20175,225,26665,958,30655,1116,102,523,491,547
E01027613,17566,6,28898,29959,26019,31712,29821,750,771,28767,29411,22263,28166,185,30364,448,21212,1796,272,937,587,970
E01013369,17523,6,17100,17212,15280,14249,11756,24404,11525,10631,16297,7491,29328,27160,11599,9916,12099,1986,187,1382,417,1412
E01027720,17506,6,13857,15974,8017,22224,16842,23398,21946,15642,12891,3614,17359,17889,16396,16844,25277,1426,314,796,316,820
E01013383,17329,6,15831,20812,7779,11559,24108,24141,13952,11832,11721,3493,16894,29562,10424,10351,17941,2617,403,1857,357,1867
E01027849,17301,6,20218,11918,20564,7709,10757,27402,25196,29087,20903,21269,18590,14863,26883,20443,26010,1149,128,540,481,545
E01027686,17288,6,26553,24463,24941,27355,32405,3141,401,24745,32371,25999,22155,1366,23912,234,20803,1156,207,605,344,629
E01013119,17256,6,29633,30328,25455,27969,30181,206,1707,29030,28579,23042,26079,206,20071,1205,16819,1488,230,827,431,837
E01027764,17197,6,21498,25869,22386,25382,31867,3146,1083,17902,22716,20303,23000,1720,19926,588,23971,1197,139,590,468,618
E01027628,17166,6,25501,26459,19453,31080,32351,694,2270,30373,24106,16343,21730,163,30739,1686,15448,1897,366,944,587,987
E01027701,17134,6,28097,29587,20872,29322,32324,587,1326,29904,29041,20115,20250,319,22675,782,21988,1596,253,810,533,842
E01027769,17125,6,12185,13818,14255,23553,25936,7083,29716,8579,21154,10916,17933,5058,14649,28166,24255,1301,243,684,374,707
E01027734,17073,6,30820,32629,30627,30938,28620,616,209,29503,29371,30139,29421,167,29199,374,9287,1596,288,814,494,839
E01013384,17068,6,15805,21374,4652,14866,22693,19039,22103,13899,6979,2486,8659,21028,10297,21640,15652,1821,271,1295,255,1290
E01027878,17024,6,15178,12403,11092,17246,22961,26042,15234,15264,21206,8926,13647,11633,30605,9803,25260,1281,247,803,231,802
E01027881,16931,6,12985,9775,12829,17845,26876,21381,29757,12482,14824,9757,16233,9944,25595,25895,28855,1232,188,566,478,573
E01027636,16851,6,28951,29463,19980,30998,30831,267,1718,26572,30459,15030,24904,12,30684,1013,21944,2066,294,1043,729,1060
E01027923,16822,6,22215,17310,19068,23686,18903,1338,13635,20644,23809,17292,19791,359,31629,9371,20399,2229,336,1224,669,1251
E01033069,16801,6,21906,18610,31103,13262,7558,16658,2989,26011,16896,29145,31589,11930,15316,3270,7569,1109,99,801,209,811
E01027770,16770,6,16837,12234,19923,18808,24240,20987,4593,17673,20110,17145,21740,23704,10454,2388,27950,1662,206,919,537,950
E01027752,16687,6,24458,25036,22905,28471,31351,202,3917,20758,25070,23538,20773,85,24740,2662,17707,1168,134,643,391,656
E01027790,16504,6,16017,13752,10398,21108,19615,31964,6006,13935,22814,11159,9667,24639,27734,3111,28158,1981,341,1210,430,1219
E01027610,16462,6,16079,14279,5789,16338,24846,24839,18168,18243,16973,2412,13357,14103,23151,12250,26976,1685,328,931,426,946
E01027884,16406,5,18144,15921,11003,19387,25594,3149,22854,15039,21290,6637,17908,951,31300,16897,28313,1596,279,943,374,935
E01027868,16318,5,13364,12387,21836,9372,24821,24137,12528,21604,13971,16361,27242,18826,16474,7714,24337,2214,180,930,1104,938
E01027889,16281,5,17595,12988,7420,17714,25720,8463,29017,18267,19947,4782,11556,2908,28702,25373,27316,1717,358,900,459,952
E01027793,16276,5,14124,12983,10012,17664,30650,17840,12988,20470,12906,10527,9544,6777,28957,9151,19038,1397,213,714,470,735
E01027778,16232,5,25130,25306,23443,28420,32754,388,1798,26498,24880,20156,25344,34,31779,898,27658,2293,306,1247,740,1281
E01027871,16229,5,15274,9586,13951,10459,28597,27186,20174,18819,17098,12694,14796,20983,18700,13448,30686,1554,247,678,629,709
E01027776,16055,5,23152,26848,21379,26124,31487,528,2002,26461,26523,21991,19423,82,31854,939,30598,1612,250,753,609,783
E01027649,16049,5,14685,15245,12666,13746,18995,15481,13558,13388,20255,7525,20453,13828,12055,7791,28889,1807,336,1074,397,1084
E01027802,15917,5,23679,26208,18021,28754,30415,1027,1288,17830,28220,13882,22149,247,31692,915,16995,1640,223,832,585,869
E01027773,15894,5,29413,26669,21869,28543,32459,115,1441,29143,30183,20504,21822,11,25235,919,19711,1151,147,605,399,625
E01027842,15815,5,13358,12643,10998,13666,17648,25279,19126,11256,19846,6989,17030,16643,20331,12900,28581,1578,263,731,584,745
E01027796,15813,5,16802,19105,10740,21522,31691,9692,2920,17423,20244,8407,13610,3024,31495,1693,22897,1752,284,868,600,902
E01027831,15695,5,21665,22006,17585,9428,29393,4799,3709,29395,19493,15440,19004,2173,22621,1848,29971,1068,136,536,396,544
E01027711,15601,5,15578,16707,5362,11190,16512,26300,22951,14791,13242,4738,6175,19197,19025,18689,23411,1275,295,738,242,733
E01027807,15544,5,16424,12179,18733,9164,24506,7541,21935,18399,17541,23597,14020,3076,24626,15539,29560,1453,211,720,522,737
E01027798,15462,5,15497,14306,11636,21869,31568,13993,3734,11924,18793,9031,14785,4644,31008,2278,21312,1919,316,1071,532,1098
E01027608,15438,5,14478,14348,4537,15040,22565,31254,18244,14851,15102,2045,9798,24124,25175,12305,27045,1815,380,1098,337,1102
E01027857,15253,5,23351,25777,26477,18946,30318,403,1978,24224,25162,25448,25592,158,25245,1052,25630,1370,227,631,512,672
E01027800,15125,5,21704,26549,22042,29151,32816,593,888,16993,29405,19669,23069,104,32099,447,25280,1682,241,852,589,889
E01027916,15087,5,12212,11817,6767,11303,23147,31991,29495,11491,11773,6542,7154,24540,28000,25337,29056,1527,268,897,362,907
E01027630,14982,5,13695,15497,8516,14687,18476,23215,9382,15432,10607,5008,14426,14152,20417,5430,23986,1776,249,1039,488,1025
E01027777,14942,5,25005,30563,24889,27075,32357,256,424,19185,29068,23659,24271,2,31106,218,22977,1338,161,674,503,717
E01027829,14938,5,17651,9287,8680,9704,23426,26368,20815,14891,23038,6664,11319,18708,19637,14070,30628,1401,111,450,840,486
E01027828,14921,5,13768,8466,9430,12523,30506,23496,24837,17282,16084,7776,11485,13855,21293,18154,31504,1859,253,731,875,805
E01027594,14875,5,12294,13769,5975,12894,29252,20349,22024,14345,11230,2873,12137,11326,20907,15485,30162,1639,304,820,515,852
E01013359,14692,5,14385,13038,8269,13571,15058,22095,16582,15441,15044,7210,9536,15477,17364,13633,16704,1572,319,928,325,925
E01027892,14629,5,12702,10015,7137,20870,17268,27663,18668,11948,17960,7409,6984,14877,27420,14181,21875,1816,318,1021,477,1058
E01027918,14618,5,15365,13031,5998,11651,29521,31197,9524,13557,19064,3522,10150,28017,21479,5286,25983,1439,249,863,327,857
E01027706,14602,5,12360,13238,8642,16047,13427,26749,14986,13412,12885,8057,9298,25952,14580,9050,28283,1976,343,1047,586,1051
E01027851,14546,5,15946,13294,14451,13576,16264,28845,3455,15022,16946,9172,21809,17746,25670,1981,23444,1453,277,854,322,857
E01027599,14485,5,9774,9037,8464,16074,24932,32216,28223,8913,10639,6500,11109,28558,25372,24332,26672,1670,303,883,484,892
E01027823,14419,5,11748,8858,12044,9514,32681,29958,19399,11526,17020,9180,15467,27406,18606,12638,30884,1430,185,668,577,686
E01013437,14367,5,18570,5175,18582,16923,28040,14283,12518,23422,27195,17996,18139,6276,23867,10872,12417,1283,186,677,420,687
E01027822,14349,5,19848,19614,15012,16579,32564,5830,986,21174,20890,8634,24695,3082,19559,405,31743,1412,208,734,470,761
E01027789,14195,5,11012,14719,7111,13402,25550,18392,16159,11022,10297,9081,5638,7478,27408,9950,28834,2955,671,1692,592,1704
E01027590,14138,5,14883,13204,16714,15732,11905,8737,10299,17340,18254,13042,20311,3247,26832,5595,27967,2066,340,1117,609,1155
E01013382,14115,5,12433,15358,7753,13094,9916,21754,20755,9841,15106,4283,13897,22727,11528,22831,11549,1715,289,1071,355,1072
E01013446,14044,5,14732,14661,4837,12795,18503,13208,26089,14158,19102,2220,10275,7094,19485,23784,21485,1717,377,1011,329,1006
E01027676,14008,5,13801,13370,4901,10217,28916,23150,18300,15832,14280,2341,10026,18620,15463,13621,22323,1850,439,1050,361,1034
E01027785,13918,5,12450,10667,9672,15415,21534,30907,8139,18271,13089,10604,8881,19225,29936,5144,19752,1648,258,970,420,1017
E01027729,13910,5,13441,14939,8052,11329,16508,26515,9264,13036,11355,3933,16165,21994,16895,6489,16605,1573,358,1032,183,1014
E01027835,13662,5,16099,16206,11509,15968,24902,3342,7659,14306,19557,10213,12841,1593,22162,3893,29516,1745,269,885,591,910
E01027678,13392,5,13476,12072,21476,11477,15232,20704,3522,16319,8150,17413,24731,28188,8561,2373,17806,1758,204,1326,228,1325
E01027826,13381,5,11979,11685,12319,12021,23413,26942,5378,18298,10111,8382,17565,23248,16529,2849,26963,1551,319,881,351,890
E01013404,13082,4,9956,8941,13219,11400,17387,16626,28839,9956,12260,16266,10368,10470,17382,28536,21071,1506,242,852,412,885
E01013390,13045,4,15623,17747,8060,8766,21459,21409,3250,14283,12433,2737,22488,15709,16328,2219,17193,1521,245,1114,162,1124
E01013353,13035,4,11418,11467,10842,7164,24477,22876,14889,14658,9225,7586,15309,15030,18847,11730,16721,1584,259,952,373,948
E01027803,12855,4,17766,18235,12738,25299,31528,635,3371,13657,24555,8002,19468,133,31360,1918,23590,1949,334,1110,505,1151
E01027818,12826,4,11342,10380,7900,9018,22063,27168,17867,14648,9657,5412,11567,21145,18524,11613,28520,1491,297,815,379,843
E01027841,12722,4,25043,20300,13755,16629,28465,1308,890,28517,25786,10064,18084,547,25236,435,26014,1346,161,646,539,682
E01027910,12451,4,9766,12015,4880,15174,15550,27163,18734,9575,9014,2552,9221,18173,21543,13393,24758,3586,940,2216,430,2215
E01027813,12424,4,14823,14769,24654,13699,32371,3346,1465,18436,18755,23217,24287,1527,22938,642,32297,1973,267,981,725,1011
E01027866,12337,4,12279,16111,4161,11670,23295,9290,17411,12545,10149,3757,4824,7183,13485,10894,29919,1546,278,820,448,853
E01027843,11852,4,9138,9258,13725,4796,29540,31301,14359,14080,8970,10223,17726,25464,24025,8178,30643,1359,251,688,420,698
E01027832,11688,4,18849,14568,9670,10751,29062,7286,1508,13940,22950,5811,16028,3975,18860,680,31543,1088,116,526,446,521
E01027723,11505,4,9358,8012,5941,10973,23118,26816,23090,11646,10397,1810,17914,28920,13131,18434,24503,1497,250,901,346,899
E01027710,11241,4,10667,10525,5474,7261,17244,19136,27484,11067,13396,3769,8018,14161,15440,23399,26363,1153,240,535,378,542
E01027905,10843,4,9366,10114,6508,14733,7568,27985,13262,8826,10567,5244,8235,18376,22851,7610,28696,2124,361,1328,435,1369
E01027795,10805,4,8478,8592,5811,13750,27875,26269,9008,9822,9155,3337,10048,13376,27185,4960,26007,1555,264,813,478,820
E01027811,10682,4,13672,12985,3857,13085,19015,31271,2024,16777,12445,1083,12421,28876,21063,1100,25033,1664,431,972,261,991
E01027779,10658,4,17334,18518,15837,22531,27689,293,783,18265,18054,16120,14867,51,28800,631,14675,1109,185,559,365,557
E01027609,10548,4,9715,10612,1760,14946,15867,19832,32063,7235,14321,228,8900,10083,22627,31411,27873,1310,310,824,176,824
E01027870,10410,4,11943,9113,15698,8757,10331,23585,3303,21282,13039,16565,14233,26227,11277,1626,29566,1392,152,663,577,693
E01013416,10354,4,9063,6981,17084,6374,18700,24960,8667,12993,5955,12793,21610,27306,12045,8457,8600,1685,297,1116,272,1142
E01027840,10283,4,11251,8072,9707,12459,27907,15173,3155,11197,15928,7817,12108,8389,19304,1494,31713,2085,300,1009,776,1044
E01027787,10138,4,8181,9424,3392,12282,28437,24678,11622,8945,8363,2377,5031,11884,27098,6775,25938,1863,321,1019,523,1021
E01027625,10107,4,4956,6652,6222,16149,22641,29838,25352,1082,10390,4001,9679,22375,22496,20588,26153,1686,312,847,527,839
E01027810,9801,3,10884,14163,4057,11638,13109,31403,2231,10781,15917,1341,11517,30075,20652,1385,20574,1697,444,1022,231,990
E01027908,9732,3,8050,9768,5231,9388,8498,30451,17866,7984,6251,4440,6257,31234,17265,12353,25265,1699,280,1048,371,1044
E01027906,9533,3,8188,9486,3120,9995,18786,13337,29421,6673,11539,1432,6796,6512,21371,25588,28256,1384,317,801,266,815
E01027612,9448,3,8000,7896,3088,9787,22376,16872,31272,9333,9445,1254,7428,9396,19700,28281,30131,1772,374,925,473,930
E01027853,9037,3,10915,8357,9586,5714,12771,19309,6173,14676,11598,5705,16022,20869,10566,3465,24399,1261,116,653,492,673
E01027862,8995,3,9492,7429,11900,8531,13887,26913,2854,18436,7356,10723,13004,27624,13861,1612,23939,1546,267,870,409,887
E01013445,8881,3,8648,6906,5441,6554,15462,26433,16290,10704,9087,3180,9292,26944,13666,14929,13237,1576,272,916,388,932
E01013385,8680,3,8432,5993,8463,7936,14485,12393,19025,5790,14978,4404,16110,8375,15524,18600,13577,1435,264,855,316,876
E01013366,8661,3,12706,9720,13297,4723,4745,18752,4624,15579,9984,7116,23698,26620,7921,4026,11062,2028,173,1520,335,1490
E01027629,8652,3,6703,6213,1879,17110,20993,27854,22131,8291,6159,1365,3306,20336,20427,17827,23138,1426,312,738,376,741
E01013386,8635,3,8182,9918,4244,7066,17655,12135,15473,5733,9823,2210,8187,11382,11193,11910,17955,1773,388,1128,257,1127
E01027833,8605,3,12039,9549,12024,10059,12532,2507,5648,11833,15941,11473,12370,1429,19758,3221,23674,1526,178,685,663,717
E01027830,8505,3,6687,6783,5527,7669,22103,15663,20806,7701,9072,5065,6136,11568,14627,14281,29711,1770,347,958,465,957
E01033067,8128,3,8549,8431,3949,4946,15263,16756,18768,5834,5454,882,15037,22026,8299,14870,20271,1568,191,1120,257,1146
E01013447,8117,3,9055,8208,2215,9794,10983,18743,17436,9630,13749,864,5975,16339,13032,15766,14455,1534,357,927,250,917
E01027861,8054,3,9151,7439,10546,3499,12943,26981,5798,13041,10035,7132,15459,26598,14474,3018,27828,1251,220,677,354,705
E01013350,7982,3,7556,7602,3670,6380,18398,17029,17462,6563,7901,2383,5923,14108,13335,15164,15716,1722,346,1082,294,1084
E01027651,7832,3,6112,6590,6494,5738,12460,18841,24250,6818,7001,6265,6894,20879,10227,20958,21978,1445,363,809,273,805
E01027749,7731,3,7550,7033,2256,7111,12319,21252,31333,4861,12697,1784,3418,22850,11063,30667,25856,1899,460,1115,324,1101
E01013335,7375,3,6407,6373,1840,8374,17436,27174,22926,3904,10553,827,4759,25515,15338,20634,19160,1633,357,948,328,941
E01013410,7237,3,7448,5733,4230,4462,16614,16607,25604,7643,8241,2323,7791,14453,12600,22472,22673,1391,239,809,343,790
E01027865,6929,3,8947,9098,8007,5800,11474,22957,864,7662,9234,6819,9479,21586,13165,355,30945,1535,215,878,442,910
E01013394,6877,3,4773,5464,6998,7228,9679,19388,19596,2737,11360,5236,9435,18235,12172,17854,16070,1343,264,754,325,794
E01027909,6628,3,7500,7142,3232,6670,6376,29499,8797,6476,10901,1586,6604,24640,19748,5713,19024,2135,352,1327,456,1338
E01013444,6469,2,6374,6857,936,8492,13473,22916,22421,7291,7086,211,4301,22795,12429,18844,21539,1438,385,800,253,811
E01027824,6442,2,5100,4085,16900,1960,25097,8301,28462,11159,4496,19693,13737,6533,13327,22915,31075,1538,191,706,641,724
E01027846,6252,2,8527,6963,6811,5306,7455,25660,1917,10702,10571,4121,11309,22406,15527,1044,24565,1866,389,1083,394,1083
E01013399,6177,2,4246,9049,1949,4249,14268,20205,25895,2175,2344,1127,4088,23021,10163,26714,16609,1789,418,1177,194,1150
E01027837,5992,2,4760,4827,3222,3026,27679,21712,26976,7993,3623,2436,4502,23513,11101,20789,31284,1388,233,675,480,676
E01027850,5682,2,5980,3574,4735,4463,12586,18534,18980,10606,6663,3390,6725,13948,15028,12309,30593,1373,282,727,364,739
E01027854,5399,2,7117,4580,9982,5073,12217,19095,1147,8131,10547,6933,14339,24763,8735,577,26131,1451,109,933,409,951
E01027827,5186,2,6696,2921,4198,7748,18940,27436,2467,3793,13838,2380,7552,29649,13498,1157,31745,1576,192,709,675,766
E01013448,5151,2,5392,6918,2139,4626,19430,3553,21388,4382,7970,670,6812,3070,13200,18840,18675,1450,349,861,240,866
E01013347,5135,2,6381,7298,474,4088,11528,21502,20548,6548,2857,27,2949,21624,11915,17931,18267,1703,373,1096,234,1076
E01027864,4898,2,6382,7312,829,6066,17350,7093,10377,5413,7952,427,2674,6507,11513,5481,29634,1386,283,801,302,804
E01013349,4772,2,4832,5809,665,5343,10872,18446,24848,4149,6856,300,2513,19916,10426,23772,18425,1501,420,932,149,899
E01027812,4565,2,6960,6051,4167,8478,2340,26733,962,7467,12589,1759,9674,30777,12244,614,19507,1791,411,1062,318,1049
E01027825,4056,2,5132,4012,1616,4019,13795,19191,7149,4940,7971,311,6968,15407,14237,3668,28759,1920,453,1117,350,1129
E01027872,3692,2,4926,2135,3157,4555,8649,8673,20377,8555,7072,1632,6192,6330,14277,13849,29706,1402,274,756,372,742
E01027852,3438,2,5091,3505,11850,1735,11345,20607,355,4833,7176,8633,15983,29501,8108,159,24295,1690,140,1065,485,1087
E01013443,3155,1,4583,3091,1810,3057,4912,6977,24842,6424,6183,667,5372,7470,9895,23066,19551,1532,300,830,402,852
E01027907,2687,1,1518,1767,735,5289,15830,25214,31018,2000,3235,508,2089,19962,16876,28806,27908,1419,372,802,245,788
E01027869,2581,1,6219,2316,7015,1258,6485,19105,433,6471,10162,5451,9127,27815,7750,136,30607,1052,73,632,347,670
E01027805,2566,1,4230,2919,2071,5504,1178,23951,2893,4256,6320,227,11198,23873,12785,1490,27753,1453,210,797,446,829
E01027817,2258,1,2710,1107,1479,2053,10787,18289,21300,4277,3324,975,3080,18384,11188,21752,13819,1339,260,811,268,801
E01027820,2257,1,1095,2401,289,4195,20463,18854,24263,324,7489,95,1569,19733,10842,18304,28850,1430,410,820,200,799
E01027740,2060,1,2683,635,4598,1256,10373,19439,12178,9642,2905,3293,6529,23156,9577,17675,4244,1556,167,718,671,772
E01027804,702,1,1640,716,2712,1782,1537,20083,415,537,2938,758,8787,29399,7834,194,24336,1434,147,1016,271,1050
E01027847,585,1,2121,641,1009,1128,4163,15717,379,3774,5043,120,5601,26052,6423,137,27579,1871,236,1228,407,1251
E01027806,574,1,1695,757,1128,1151,1649,18462,1068,2711,1441,283,4738,29308,7009,455,31306,1696,269,1078,349,1071
E01027874,391,1,207,362,177,1543,6861,9606,28458,292,4848,65,1151,13043,7674,23869,28639,1676,545,873,258,839
E01027819,243,1,191,477,28,560,3679,10553,25570,114,2884,25,287,14029,7829,21398,24879,1495,432,825,238,815
